datetime,price
2022-05-28 00:00:00 UTC,4.79984905371344
2022-05-29 00:00:00 UTC,4.79984905371344
2022-05-30 00:00:00 UTC,5.51852916916022
2022-05-31 00:00:00 UTC,9.7670095154402
2022-06-01 00:00:00 UTC,8.33486659950929
2022-06-02 00:00:00 UTC,6.16907460915415
2022-06-03 00:00:00 UTC,6.62361743087905
2022-06-04 00:00:00 UTC,6.0595604645603
2022-06-05 00:00:00 UTC,5.93153958068445
2022-06-06 00:00:00 UTC,4.51596360179736
2022-06-07 00:00:00 UTC,4.60684717253078
2022-06-08 00:00:00 UTC,3.59287940943801
2022-06-09 00:00:00 UTC,2.01156119488953
2022-06-10 00:00:00 UTC,2.9714103563835
2022-06-11 00:00:00 UTC,2.71962810624444
2022-06-12 00:00:00 UTC,2.46985050418404
2022-06-13 00:00:00 UTC,2.58830466554287
2022-06-14 00:00:00 UTC,2.38174382638801
2022-06-15 00:00:00 UTC,2.42962145522376
2022-06-16 00:00:00 UTC,2.40961737164959
2022-06-17 00:00:00 UTC,2.13191800135008
2022-06-18 00:00:00 UTC,2.13481390066091
2022-06-19 00:00:00 UTC,1.77560265056282
2022-06-20 00:00:00 UTC,2.0110505500995
2022-06-21 00:00:00 UTC,1.94292089084922
2022-06-22 00:00:00 UTC,1.92609800358003
2022-06-23 00:00:00 UTC,1.8194447889601
2022-06-24 00:00:00 UTC,1.84544889654554
2022-06-25 00:00:00 UTC,1.88368693791057
2022-06-26 00:00:00 UTC,1.88404380990021
2022-06-27 00:00:00 UTC,1.91908447271341
2022-06-28 00:00:00 UTC,2.10862647184689
2022-06-29 00:00:00 UTC,2.32380492008078
2022-06-30 00:00:00 UTC,2.49952305444096
2022-07-01 00:00:00 UTC,1.99854010444301
2022-07-02 00:00:00 UTC,2.06921561288885
2022-07-03 00:00:00 UTC,2.02837007095703
2022-07-04 00:00:00 UTC,2.0634551313807
2022-07-05 00:00:00 UTC,2.1563421750962
2022-07-06 00:00:00 UTC,2.10106049177715
2022-07-07 00:00:00 UTC,2.11328631576418
2022-07-08 00:00:00 UTC,2.15797082371134
2022-07-09 00:00:00 UTC,2.30786290346891
2022-07-10 00:00:00 UTC,2.22632737620799
2022-07-11 00:00:00 UTC,2.07987365159298
2022-07-12 00:00:00 UTC,1.88107441193849
2022-07-13 00:00:00 UTC,1.81854144416455
2022-07-14 00:00:00 UTC,1.78985008926104
2022-07-15 00:00:00 UTC,1.75775677509597
2022-07-16 00:00:00 UTC,1.78892820115768
2022-07-17 00:00:00 UTC,1.76871332724015
2022-07-18 00:00:00 UTC,1.75256322013714
2022-07-19 00:00:00 UTC,2.02724116654241
2022-07-20 00:00:00 UTC,1.95465641542588
2022-07-21 00:00:00 UTC,1.86960726178778
2022-07-22 00:00:00 UTC,1.86771054918774
2022-07-23 00:00:00 UTC,1.81705611281286
2022-07-24 00:00:00 UTC,1.82162100888405
2022-07-25 00:00:00 UTC,1.83175699438016
2022-07-26 00:00:00 UTC,1.63440517815653
2022-07-27 00:00:00 UTC,1.67990014594719
2022-07-28 00:00:00 UTC,1.77464597923837
2022-07-29 00:00:00 UTC,1.82633579211815
2022-07-30 00:00:00 UTC,1.87309722356225
2022-07-31 00:00:00 UTC,1.81640966033541
2022-08-01 00:00:00 UTC,1.85518436007556
2022-08-02 00:00:00 UTC,2.21106193960321
2022-08-03 00:00:00 UTC,2.10687687603951
2022-08-04 00:00:00 UTC,2.05244959439451
2022-08-05 00:00:00 UTC,2.0449989205031
2022-08-06 00:00:00 UTC,2.0918913997239
2022-08-07 00:00:00 UTC,2.07423749048299
2022-08-08 00:00:00 UTC,2.06395101928172
2022-08-09 00:00:00 UTC,2.06576774115849
2022-08-10 00:00:00 UTC,1.94650011120369
2022-08-11 00:00:00 UTC,1.96201582557355
2022-08-12 00:00:00 UTC,1.91052890079588
2022-08-13 00:00:00 UTC,1.99334540761722
2022-08-14 00:00:00 UTC,1.9520478951848
2022-08-15 00:00:00 UTC,1.9972966991693
2022-08-16 00:00:00 UTC,1.9589219569888
2022-08-17 00:00:00 UTC,1.96432714383622
2022-08-18 00:00:00 UTC,1.89643922026356
2022-08-19 00:00:00 UTC,1.74887653156073
2022-08-20 00:00:00 UTC,1.59803731358023
2022-08-21 00:00:00 UTC,1.6204152558946
2022-08-22 00:00:00 UTC,1.67558958629504
2022-08-23 00:00:00 UTC,1.6942987152782
2022-08-24 00:00:00 UTC,1.82419390998379
2022-08-25 00:00:00 UTC,1.72479384058938
2022-08-26 00:00:00 UTC,1.83151099518397
2022-08-27 00:00:00 UTC,1.62077984582674
2022-08-28 00:00:00 UTC,1.62578128392099
2022-08-29 00:00:00 UTC,1.56170759719832
2022-08-30 00:00:00 UTC,1.6492267312708
2022-08-31 00:00:00 UTC,1.73082013890931
2022-09-01 00:00:00 UTC,1.76893114115686
2022-09-02 00:00:00 UTC,2.00508528889759
2022-09-03 00:00:00 UTC,1.85295178995087
2022-09-04 00:00:00 UTC,1.86053524957975
2022-09-05 00:00:00 UTC,1.8259226411826
2022-09-06 00:00:00 UTC,1.99326562493077
2022-09-07 00:00:00 UTC,1.87456157704322
2022-09-08 00:00:00 UTC,1.88473692846716
2022-09-09 00:00:00 UTC,1.90851311404234
2022-09-10 00:00:00 UTC,5.00490601299825
2022-09-11 00:00:00 UTC,6.30204399361486
2022-09-12 00:00:00 UTC,5.64941857971718
2022-09-13 00:00:00 UTC,3.90907137650757
2022-09-14 00:00:00 UTC,4.15253353833069
2022-09-15 00:00:00 UTC,2.99739890535636
2022-09-16 00:00:00 UTC,2.73458648185948
2022-09-17 00:00:00 UTC,3.05971822647774
2022-09-18 00:00:00 UTC,3.08356603445706
2022-09-19 00:00:00 UTC,2.73138689558185
2022-09-20 00:00:00 UTC,2.90565230281898
2022-09-21 00:00:00 UTC,2.7071923723295
2022-09-22 00:00:00 UTC,2.54632730102125
2022-09-23 00:00:00 UTC,2.67638749998467
2022-09-24 00:00:00 UTC,2.70799771682302
2022-09-25 00:00:00 UTC,2.48362262602662
2022-09-26 00:00:00 UTC,2.25451021757761
2022-09-27 00:00:00 UTC,2.82552945299933
2022-09-28 00:00:00 UTC,2.59491827999575
2022-09-29 00:00:00 UTC,2.58145998803201
2022-09-30 00:00:00 UTC,2.5018336300494
2022-10-01 00:00:00 UTC,2.53724730702626
2022-10-02 00:00:00 UTC,2.52768054886469
2022-10-03 00:00:00 UTC,2.53339929905052
2022-10-04 00:00:00 UTC,2.49293954564836
2022-10-05 00:00:00 UTC,2.57177277458513
2022-10-06 00:00:00 UTC,2.5771183077479
2022-10-07 00:00:00 UTC,2.52732086670346
2022-10-08 00:00:00 UTC,2.54881692366746
2022-10-09 00:00:00 UTC,2.55327069230431
2022-10-10 00:00:00 UTC,2.60314164646265
2022-10-11 00:00:00 UTC,2.5832402843542
2022-10-12 00:00:00 UTC,2.49553370012262
2022-10-13 00:00:00 UTC,2.91608104259585
2022-10-14 00:00:00 UTC,2.7033979072937
2022-10-15 00:00:00 UTC,2.92933555176286
2022-10-16 00:00:00 UTC,2.80614701840884
2022-10-17 00:00:00 UTC,2.68435575622393
2022-10-18 00:00:00 UTC,2.67923103632967
2022-10-19 00:00:00 UTC,2.55539900069544
2022-10-20 00:00:00 UTC,2.48890122310224
2022-10-21 00:00:00 UTC,2.39628709803398
2022-10-22 00:00:00 UTC,2.38460823847779
2022-10-23 00:00:00 UTC,2.38443730401976
2022-10-24 00:00:00 UTC,2.4858604274165
2022-10-25 00:00:00 UTC,2.39602629453951
2022-10-26 00:00:00 UTC,2.42833320410231
2022-10-27 00:00:00 UTC,2.43447112307576
2022-10-28 00:00:00 UTC,2.41602854792137
2022-10-29 00:00:00 UTC,2.43878350731489
2022-10-30 00:00:00 UTC,2.43382986820438
2022-10-31 00:00:00 UTC,2.51071883721583
2022-11-01 00:00:00 UTC,2.47465973168534
2022-11-02 00:00:00 UTC,2.40302576067826
2022-11-03 00:00:00 UTC,2.35009178160296
2022-11-04 00:00:00 UTC,2.44161230276661
2022-11-05 00:00:00 UTC,2.59944002801061
2022-11-06 00:00:00 UTC,2.47687714099936
2022-11-07 00:00:00 UTC,2.41108580474966
2022-11-08 00:00:00 UTC,2.41856764210386
2022-11-09 00:00:00 UTC,1.88916256536932
2022-11-10 00:00:00 UTC,1.59782091215747
2022-11-11 00:00:00 UTC,1.7900863635805
2022-11-12 00:00:00 UTC,1.66843877117777
2022-11-13 00:00:00 UTC,1.63773890909003
2022-11-14 00:00:00 UTC,1.60374817452345
2022-11-15 00:00:00 UTC,1.62005787557756
2022-11-16 00:00:00 UTC,1.64136751024772
2022-11-17 00:00:00 UTC,1.6030822343507
2022-11-18 00:00:00 UTC,1.61129561548172
2022-11-19 00:00:00 UTC,1.63486797969033
2022-11-20 00:00:00 UTC,1.61962036210823
2022-11-21 00:00:00 UTC,1.50649674343073
2022-11-22 00:00:00 UTC,1.45042891772566
2022-11-23 00:00:00 UTC,1.49496116720099
2022-11-24 00:00:00 UTC,1.51373027859377
2022-11-25 00:00:00 UTC,1.50376110492315
2022-11-26 00:00:00 UTC,1.49288846843018
2022-11-27 00:00:00 UTC,1.49865231421032
2022-11-28 00:00:00 UTC,1.5323280658904
2022-11-29 00:00:00 UTC,1.51967711577568
2022-11-30 00:00:00 UTC,1.54904369835906
2022-12-01 00:00:00 UTC,1.55424481403295
2022-12-02 00:00:00 UTC,1.55591993328165
2022-12-03 00:00:00 UTC,1.58814794837383
2022-12-04 00:00:00 UTC,1.54754190151067
2022-12-05 00:00:00 UTC,1.56623151540813
2022-12-06 00:00:00 UTC,1.55738119797532
2022-12-07 00:00:00 UTC,1.55222859441847
2022-12-08 00:00:00 UTC,1.49640187988602
2022-12-09 00:00:00 UTC,1.56480697666452
2022-12-10 00:00:00 UTC,1.54918232797538
2022-12-11 00:00:00 UTC,1.55944258725348
2022-12-12 00:00:00 UTC,1.52180562566763
2022-12-13 00:00:00 UTC,1.54230602967097
2022-12-14 00:00:00 UTC,1.56765668484305
2022-12-15 00:00:00 UTC,1.52990049329128
2022-12-16 00:00:00 UTC,1.50937627130888
2022-12-17 00:00:00 UTC,1.22243841888353
2022-12-18 00:00:00 UTC,1.26178011645602
2022-12-19 00:00:00 UTC,1.2509071299956
2022-12-20 00:00:00 UTC,1.15894476661205
2022-12-21 00:00:00 UTC,1.22840445560375
2022-12-22 00:00:00 UTC,1.16047818067253
2022-12-23 00:00:00 UTC,1.2005695857059
2022-12-24 00:00:00 UTC,1.19481228302652
2022-12-25 00:00:00 UTC,1.1975298578533
2022-12-26 00:00:00 UTC,1.19726344417791
2022-12-27 00:00:00 UTC,1.23803287296726
2022-12-28 00:00:00 UTC,1.28797499743373
2022-12-29 00:00:00 UTC,1.20482764739477
2022-12-30 00:00:00 UTC,1.19600140284
2022-12-31 00:00:00 UTC,1.16857180973412
2023-01-01 00:00:00 UTC,1.17647930535232
2023-01-02 00:00:00 UTC,1.18587654224405
2023-01-03 00:00:00 UTC,1.23587116713928
2023-01-04 00:00:00 UTC,1.2451733946457
2023-01-05 00:00:00 UTC,1.25500342252626
2023-01-06 00:00:00 UTC,1.23793164991212
2023-01-07 00:00:00 UTC,1.24418634987859
2023-01-08 00:00:00 UTC,1.23735864945082
2023-01-09 00:00:00 UTC,1.26711738500351
2023-01-10 00:00:00 UTC,1.44664581848159
2023-01-11 00:00:00 UTC,1.46787082295779
2023-01-12 00:00:00 UTC,1.45260755971328
2023-01-13 00:00:00 UTC,1.46963630131953
2023-01-14 00:00:00 UTC,1.56760820731328
2023-01-15 00:00:00 UTC,1.69647920265755
2023-01-16 00:00:00 UTC,1.90479643833431
2023-01-17 00:00:00 UTC,1.96494586490826
2023-01-18 00:00:00 UTC,1.91019461830888
2023-01-19 00:00:00 UTC,1.72086913968734
2023-01-20 00:00:00 UTC,1.80121878042743
2023-01-21 00:00:00 UTC,1.92438936676433
2023-01-22 00:00:00 UTC,2.02942093179447
2023-01-23 00:00:00 UTC,2.11628233028582
2023-01-24 00:00:00 UTC,2.07027018261884
2023-01-25 00:00:00 UTC,1.87035665850843
2023-01-26 00:00:00 UTC,2.00214817105747
2023-01-27 00:00:00 UTC,1.98238146972471
2023-01-28 00:00:00 UTC,1.96854948830069
2023-01-29 00:00:00 UTC,1.93916622458703
2023-01-30 00:00:00 UTC,2.00803897669869
2023-01-31 00:00:00 UTC,1.80523344105881
2023-02-01 00:00:00 UTC,1.89674888476163
2023-02-02 00:00:00 UTC,1.92964463373886
2023-02-03 00:00:00 UTC,1.89630825747935
2023-02-04 00:00:00 UTC,2.08783777546657
2023-02-05 00:00:00 UTC,2.02107131967995
2023-02-06 00:00:00 UTC,1.92906270512437
2023-02-07 00:00:00 UTC,1.91482757509656
2023-02-08 00:00:00 UTC,1.99787013999614
2023-02-09 00:00:00 UTC,1.91564929705055
2023-02-10 00:00:00 UTC,1.64605542133584
2023-02-11 00:00:00 UTC,1.67233874764831
2023-02-12 00:00:00 UTC,1.73666802534048
2023-02-13 00:00:00 UTC,1.66844195095617
2023-02-14 00:00:00 UTC,1.70247869675628
2023-02-15 00:00:00 UTC,1.73442148376927
2023-02-16 00:00:00 UTC,1.85175464952036
2023-02-17 00:00:00 UTC,1.70867914357445
2023-02-18 00:00:00 UTC,1.77622824749612
2023-02-19 00:00:00 UTC,1.757505653918
2023-02-20 00:00:00 UTC,1.71961887773093
2023-02-21 00:00:00 UTC,1.74188791960374
2023-02-22 00:00:00 UTC,1.69124346648448
2023-02-23 00:00:00 UTC,1.68594036764778
2023-02-24 00:00:00 UTC,1.68325232121208
2023-02-25 00:00:00 UTC,1.64113368623472
2023-02-26 00:00:00 UTC,1.62225065504617
2023-02-27 00:00:00 UTC,1.64457663999725
2023-02-28 00:00:00 UTC,1.61627255750741
2023-03-01 00:00:00 UTC,1.6147838224064
2023-03-02 00:00:00 UTC,1.62928982854055
2023-03-03 00:00:00 UTC,1.63713803298372
2023-03-04 00:00:00 UTC,1.47480381775206
2023-03-05 00:00:00 UTC,1.42387154245102
2023-03-06 00:00:00 UTC,1.42169642800395
2023-03-07 00:00:00 UTC,1.43550374874862
2023-03-08 00:00:00 UTC,1.41432629835736
2023-03-09 00:00:00 UTC,1.2912127068866
2023-03-10 00:00:00 UTC,1.22172801415322
2023-03-11 00:00:00 UTC,1.22169167971662
2023-03-12 00:00:00 UTC,1.20300198331984
2023-03-13 00:00:00 UTC,1.28996201693372
2023-03-14 00:00:00 UTC,1.31625037780233
2023-03-15 00:00:00 UTC,1.36184800889132
2023-03-16 00:00:00 UTC,1.27248555669767
2023-03-17 00:00:00 UTC,1.30034698843706
2023-03-18 00:00:00 UTC,1.34781190770909
2023-03-19 00:00:00 UTC,1.33801644281842
2023-03-20 00:00:00 UTC,1.38016732825002
2023-03-21 00:00:00 UTC,1.30715072721993
2023-03-22 00:00:00 UTC,1.34163892693842
2023-03-23 00:00:00 UTC,1.26941670300479
2023-03-24 00:00:00 UTC,1.2608116398845
2023-03-25 00:00:00 UTC,1.19564464879943
2023-03-26 00:00:00 UTC,1.23611369047336
2023-03-27 00:00:00 UTC,1.2196621789916
2023-03-28 00:00:00 UTC,1.17079436178168
2023-03-29 00:00:00 UTC,1.1888179651037
2023-03-30 00:00:00 UTC,1.19948385950778
2023-03-31 00:00:00 UTC,1.18139722635398
2023-04-01 00:00:00 UTC,1.18700894601452
2023-04-02 00:00:00 UTC,1.20167389373794
2023-04-03 00:00:00 UTC,1.17167411596728
2023-04-04 00:00:00 UTC,1.14782277095668
2023-04-05 00:00:00 UTC,1.16137240345478
2023-04-06 00:00:00 UTC,1.1732335767291
2023-04-07 00:00:00 UTC,1.17037754808883
2023-04-08 00:00:00 UTC,1.15353822626707
2023-04-09 00:00:00 UTC,1.26785680382797
2023-04-10 00:00:00 UTC,1.21936740478758
2023-04-11 00:00:00 UTC,1.21608183197335
2023-04-12 00:00:00 UTC,1.24629918321514
2023-04-13 00:00:00 UTC,1.28470075799152
2023-04-14 00:00:00 UTC,1.2742757004917
2023-04-15 00:00:00 UTC,1.28140320829346
2023-04-16 00:00:00 UTC,1.27692368433106
2023-04-17 00:00:00 UTC,1.28957798624059
2023-04-18 00:00:00 UTC,1.26295222026951
2023-04-19 00:00:00 UTC,1.31036751372799
2023-04-20 00:00:00 UTC,1.17240896374914
2023-04-21 00:00:00 UTC,1.16067669193855
2023-04-22 00:00:00 UTC,1.09223908650443
2023-04-23 00:00:00 UTC,1.13464145628727
2023-04-24 00:00:00 UTC,1.14206293488823
2023-04-25 00:00:00 UTC,1.14188785312847
2023-04-26 00:00:00 UTC,1.1536859903465
2023-04-27 00:00:00 UTC,1.11765539551275
2023-04-28 00:00:00 UTC,1.13530397115035
2023-04-29 00:00:00 UTC,1.1696577859978
2023-04-30 00:00:00 UTC,1.14060828754306
2023-05-01 00:00:00 UTC,1.1367242638806
2023-05-02 00:00:00 UTC,1.11867394334977
2023-05-03 00:00:00 UTC,1.12556858742944
2023-05-04 00:00:00 UTC,1.10731153449432
2023-05-05 00:00:00 UTC,1.11442542032352
2023-05-06 00:00:00 UTC,1.07096930452499
2023-05-07 00:00:00 UTC,1.01084409105132
2023-05-08 00:00:00 UTC,1.01100810044274
2023-05-09 00:00:00 UTC,0.868661844234766
2023-05-10 00:00:00 UTC,0.899714804508229
2023-05-11 00:00:00 UTC,0.908682924137568
2023-05-12 00:00:00 UTC,0.846469772089595
2023-05-13 00:00:00 UTC,0.857820703016254
2023-05-14 00:00:00 UTC,0.838666256913674
2023-05-15 00:00:00 UTC,0.861576992517948
2023-05-16 00:00:00 UTC,0.870019926969437
2023-05-17 00:00:00 UTC,0.868840368503196
2023-05-18 00:00:00 UTC,0.885840370778596
2023-05-19 00:00:00 UTC,0.866710115676088
2023-05-20 00:00:00 UTC,0.860077260429748
2023-05-21 00:00:00 UTC,0.864522792682866
2023-05-22 00:00:00 UTC,0.835465352411113
2023-05-23 00:00:00 UTC,0.835372490320682
2023-05-24 00:00:00 UTC,0.852094655959159
2023-05-25 00:00:00 UTC,0.798929653448992
2023-05-26 00:00:00 UTC,0.801650120211812
2023-05-27 00:00:00 UTC,0.810368779801488
2023-05-28 00:00:00 UTC,0.806036918136164
2023-05-29 00:00:00 UTC,0.826809082932388
2023-05-30 00:00:00 UTC,0.808799264012892
2023-05-31 00:00:00 UTC,0.804980121504575
2023-06-01 00:00:00 UTC,0.781128201239246
2023-06-02 00:00:00 UTC,0.761762503172959
2023-06-03 00:00:00 UTC,0.785287948741776
2023-06-04 00:00:00 UTC,0.778674213673448
2023-06-05 00:00:00 UTC,0.875085670264414
2023-06-06 00:00:00 UTC,0.732575050589798
2023-06-07 00:00:00 UTC,0.753190372816387
2023-06-08 00:00:00 UTC,0.697392669802223
2023-06-09 00:00:00 UTC,0.707787126946454
2023-06-10 00:00:00 UTC,0.701784597705612
2023-06-11 00:00:00 UTC,0.564658024803622
2023-06-12 00:00:00 UTC,0.555333715913936
2023-06-13 00:00:00 UTC,0.556491553603251
2023-06-14 00:00:00 UTC,0.564648104673872
2023-06-15 00:00:00 UTC,0.544021923502336
2023-06-16 00:00:00 UTC,0.535322825576527
2023-06-17 00:00:00 UTC,0.538455568406627
2023-06-18 00:00:00 UTC,0.539652264353159
2023-06-19 00:00:00 UTC,0.526668122396638
2023-06-20 00:00:00 UTC,0.533290550342294
2023-06-21 00:00:00 UTC,0.550643706051139
2023-06-22 00:00:00 UTC,0.571113473932795
2023-06-23 00:00:00 UTC,0.577285684944306
2023-06-24 00:00:00 UTC,0.621994432202851
2023-06-25 00:00:00 UTC,0.588660212913499
2023-06-26 00:00:00 UTC,0.623536639650805
2023-06-27 00:00:00 UTC,0.607948605442404
2023-06-28 00:00:00 UTC,0.599221788265899
2023-06-29 00:00:00 UTC,0.551230416775554
2023-06-30 00:00:00 UTC,0.568171454491801
2023-07-01 00:00:00 UTC,0.57531689035812
2023-07-02 00:00:00 UTC,0.595751020832209
2023-07-03 00:00:00 UTC,0.591692850663337
2023-07-04 00:00:00 UTC,0.605538864562732
2023-07-05 00:00:00 UTC,0.594238467376829
2023-07-06 00:00:00 UTC,0.561245911940914
2023-07-07 00:00:00 UTC,0.533782290854327
2023-07-08 00:00:00 UTC,0.537767680550508
2023-07-09 00:00:00 UTC,0.540901691429871
2023-07-10 00:00:00 UTC,0.533584058032929
2023-07-11 00:00:00 UTC,0.535100981595019
2023-07-12 00:00:00 UTC,0.53607228369641
2023-07-13 00:00:00 UTC,0.525029858490188
2023-07-14 00:00:00 UTC,0.551398816521492
2023-07-15 00:00:00 UTC,0.537706002099172
2023-07-16 00:00:00 UTC,0.570972289418167
2023-07-17 00:00:00 UTC,0.562184646533045
2023-07-18 00:00:00 UTC,0.58346654572944
2023-07-19 00:00:00 UTC,0.563909302632688
2023-07-20 00:00:00 UTC,0.575635910502967
2023-07-21 00:00:00 UTC,0.570046001434708
2023-07-22 00:00:00 UTC,0.603133274082507
2023-07-23 00:00:00 UTC,0.615150298646813
2023-07-24 00:00:00 UTC,0.598714178725278
2023-07-25 00:00:00 UTC,0.559533309122349
2023-07-26 00:00:00 UTC,0.549998549608423
2023-07-27 00:00:00 UTC,0.546401206563851
2023-07-28 00:00:00 UTC,0.549894523617564
2023-07-29 00:00:00 UTC,0.5517718763715
2023-07-30 00:00:00 UTC,0.553547767631064
2023-07-31 00:00:00 UTC,0.5362425929251
2023-08-01 00:00:00 UTC,0.528794876363277
2023-08-02 00:00:00 UTC,0.526037822005953
2023-08-03 00:00:00 UTC,0.518603912565568
2023-08-04 00:00:00 UTC,0.507195585489399
2023-08-05 00:00:00 UTC,0.506949369951996
2023-08-06 00:00:00 UTC,0.507378496525755
2023-08-07 00:00:00 UTC,0.513911357163251
2023-08-08 00:00:00 UTC,0.508898435924858
2023-08-09 00:00:00 UTC,0.513916323036028
2023-08-10 00:00:00 UTC,0.515465531040396
2023-08-11 00:00:00 UTC,0.509485751201762
2023-08-12 00:00:00 UTC,0.511224449535739
2023-08-13 00:00:00 UTC,0.513519294188701
2023-08-14 00:00:00 UTC,0.511361456291416
2023-08-15 00:00:00 UTC,0.516087912905938
2023-08-16 00:00:00 UTC,0.457573023106799
2023-08-17 00:00:00 UTC,0.43783971086495
2023-08-18 00:00:00 UTC,0.386723743295177
2023-08-19 00:00:00 UTC,0.394352233104546
2023-08-20 00:00:00 UTC,0.411480838022842
2023-08-21 00:00:00 UTC,0.409455733323005
2023-08-22 00:00:00 UTC,0.399466146566306
2023-08-23 00:00:00 UTC,0.393311837790017
2023-08-24 00:00:00 UTC,0.401017225709993
2023-08-25 00:00:00 UTC,0.389825496872117
2023-08-26 00:00:00 UTC,0.389812904467943
2023-08-27 00:00:00 UTC,0.384242195279985
2023-08-28 00:00:00 UTC,0.386340700516929
2023-08-29 00:00:00 UTC,0.382983105460632
2023-08-30 00:00:00 UTC,0.399099597968333
2023-08-31 00:00:00 UTC,0.388201272321675
2023-09-01 00:00:00 UTC,0.371730691305597
2023-09-02 00:00:00 UTC,0.366809064204069
2023-09-03 00:00:00 UTC,0.372261889192437
2023-09-04 00:00:00 UTC,0.365636962291335
2023-09-05 00:00:00 UTC,0.404678260444589
2023-09-06 00:00:00 UTC,0.386272406186936
2023-09-07 00:00:00 UTC,0.38134963020777
2023-09-08 00:00:00 UTC,0.385119164290794
2023-09-09 00:00:00 UTC,0.401934592243634
2023-09-10 00:00:00 UTC,0.403110265115657
2023-09-11 00:00:00 UTC,0.378982631270498
2023-09-12 00:00:00 UTC,0.360205796964716
2023-09-13 00:00:00 UTC,0.363133484375635
2023-09-14 00:00:00 UTC,0.364471347457998
2023-09-15 00:00:00 UTC,0.370154248405758
2023-09-16 00:00:00 UTC,0.375487312145107
2023-09-17 00:00:00 UTC,0.374124983813237
2023-09-18 00:00:00 UTC,0.364538490952984
2023-09-19 00:00:00 UTC,0.364694760918305
2023-09-20 00:00:00 UTC,0.367446170036729
2023-09-21 00:00:00 UTC,0.366826067083304
2023-09-22 00:00:00 UTC,0.368755383866945
2023-09-23 00:00:00 UTC,0.367718304783085
2023-09-24 00:00:00 UTC,0.369827966896236
2023-09-25 00:00:00 UTC,0.381020022019396
2023-09-26 00:00:00 UTC,0.388530277818203
2023-09-27 00:00:00 UTC,0.420925356006693
2023-09-28 00:00:00 UTC,0.534144323477562
2023-09-29 00:00:00 UTC,0.498449971967946
2023-09-30 00:00:00 UTC,0.464590648846441
2023-10-01 00:00:00 UTC,0.455420658428546
2023-10-02 00:00:00 UTC,0.468899282625069
2023-10-03 00:00:00 UTC,0.449828370386724
2023-10-04 00:00:00 UTC,0.432564591393385
2023-10-05 00:00:00 UTC,0.420028111959606
2023-10-06 00:00:00 UTC,0.407268118827598
2023-10-07 00:00:00 UTC,0.416871406431209
2023-10-08 00:00:00 UTC,0.412984962749824
2023-10-09 00:00:00 UTC,0.402500707652135
2023-10-10 00:00:00 UTC,0.383002583089516
2023-10-11 00:00:00 UTC,0.38267470657933
2023-10-12 00:00:00 UTC,0.380089128035232
2023-10-13 00:00:00 UTC,0.382007209639826
2023-10-14 00:00:00 UTC,0.384331698732645
2023-10-15 00:00:00 UTC,0.383113557537367
2023-10-16 00:00:00 UTC,0.390168449158679
2023-10-17 00:00:00 UTC,0.408874100742359
2023-10-18 00:00:00 UTC,0.388461546596024
2023-10-19 00:00:00 UTC,0.384721473227724
2023-10-20 00:00:00 UTC,0.37158791782536
2023-10-21 00:00:00 UTC,0.382932308828972
2023-10-22 00:00:00 UTC,0.391871469170832
2023-10-23 00:00:00 UTC,0.392514953746173
2023-10-24 00:00:00 UTC,0.402722133352311
2023-10-25 00:00:00 UTC,0.415669252370683
2023-10-26 00:00:00 UTC,0.431612963534412
2023-10-27 00:00:00 UTC,0.426255682454195
2023-10-28 00:00:00 UTC,0.418637031236941
2023-10-29 00:00:00 UTC,0.448155772818171
2023-10-30 00:00:00 UTC,0.444135286537639
2023-10-31 00:00:00 UTC,0.45117157373457
2023-11-01 00:00:00 UTC,0.431247739783078
2023-11-02 00:00:00 UTC,0.437055637418218
2023-11-03 00:00:00 UTC,0.423561616830217
2023-11-04 00:00:00 UTC,0.415336599907336
2023-11-05 00:00:00 UTC,0.417772206810796
2023-11-06 00:00:00 UTC,0.425961434090645
2023-11-07 00:00:00 UTC,0.445554113409472
2023-11-08 00:00:00 UTC,0.435866079360366
2023-11-09 00:00:00 UTC,0.452257232260675
2023-11-10 00:00:00 UTC,0.452140158891641
2023-11-11 00:00:00 UTC,0.791308051548189
2023-11-12 00:00:00 UTC,0.673905495956532
2023-11-13 00:00:00 UTC,0.744115060255761
2023-11-14 00:00:00 UTC,0.680298346560889
2023-11-15 00:00:00 UTC,0.646792137640425
2023-11-16 00:00:00 UTC,0.694121193410624
2023-11-17 00:00:00 UTC,0.634035276538937
2023-11-18 00:00:00 UTC,0.594715181368224
2023-11-19 00:00:00 UTC,0.588638259432792
2023-11-20 00:00:00 UTC,0.599548447665736
2023-11-21 00:00:00 UTC,0.568450708406349
2023-11-22 00:00:00 UTC,0.521803579986542
2023-11-23 00:00:00 UTC,0.581605361816279
2023-11-24 00:00:00 UTC,0.578881394443474
2023-11-25 00:00:00 UTC,0.578447251853766
2023-11-26 00:00:00 UTC,0.609778343901045
2023-11-27 00:00:00 UTC,0.715073806550078
2023-11-28 00:00:00 UTC,0.676978015965049
2023-11-29 00:00:00 UTC,0.687870153298936
2023-11-30 00:00:00 UTC,0.683052982424334
2023-12-01 00:00:00 UTC,0.672823494208954
2023-12-02 00:00:00 UTC,0.73072537537982
2023-12-03 00:00:00 UTC,0.740970686548894
2023-12-04 00:00:00 UTC,0.813992013006305
2023-12-05 00:00:00 UTC,1.14604947193722
2023-12-06 00:00:00 UTC,1.06896151920393
2023-12-07 00:00:00 UTC,0.963872856233353
2023-12-08 00:00:00 UTC,0.922747910326572
2023-12-09 00:00:00 UTC,0.964743283139648
2023-12-10 00:00:00 UTC,0.891109100850053
2023-12-11 00:00:00 UTC,1.00933737407264
2023-12-12 00:00:00 UTC,0.891983456020071
2023-12-13 00:00:00 UTC,0.900660039949694
2023-12-14 00:00:00 UTC,0.91981268107365
2023-12-15 00:00:00 UTC,0.913429671454893
2023-12-16 00:00:00 UTC,0.856761564161686
2023-12-17 00:00:00 UTC,0.884945528144534
2023-12-18 00:00:00 UTC,0.86528747660451
2023-12-19 00:00:00 UTC,0.827033440617562
2023-12-20 00:00:00 UTC,0.868486603489076
2023-12-21 00:00:00 UTC,0.86146791302244
2023-12-22 00:00:00 UTC,0.875262504409236
2023-12-23 00:00:00 UTC,0.909554758839468
2023-12-24 00:00:00 UTC,0.886857449618583
2023-12-25 00:00:00 UTC,0.860484898435714
2023-12-26 00:00:00 UTC,0.88173219708983
2023-12-27 00:00:00 UTC,0.818364389027304
2023-12-28 00:00:00 UTC,0.826062400582116
2023-12-29 00:00:00 UTC,0.786724093570966
2023-12-30 00:00:00 UTC,0.770657436449139
2023-12-31 00:00:00 UTC,0.779143035906287
2024-01-01 00:00:00 UTC,0.749738077274851
2024-01-02 00:00:00 UTC,0.780074903304599
2024-01-03 00:00:00 UTC,0.764875594196101
2024-01-04 00:00:00 UTC,0.638847899782246
2024-01-05 00:00:00 UTC,0.692189628065955
2024-01-06 00:00:00 UTC,0.660645964727531
2024-01-07 00:00:00 UTC,0.63876872469461
2024-01-08 00:00:00 UTC,0.604849732851583
2024-01-09 00:00:00 UTC,0.661384537962944
2024-01-10 00:00:00 UTC,0.61761797613195
2024-01-11 00:00:00 UTC,0.662413549071043
2024-01-12 00:00:00 UTC,0.663100643296536
2024-01-13 00:00:00 UTC,0.636961559441257
2024-01-14 00:00:00 UTC,0.687730059471143
2024-01-15 00:00:00 UTC,0.655334237876975
2024-01-16 00:00:00 UTC,0.670074346536081
2024-01-17 00:00:00 UTC,0.684253996386083
2024-01-18 00:00:00 UTC,0.673613577367876
2024-01-19 00:00:00 UTC,0.633480118669263
2024-01-20 00:00:00 UTC,0.603040255940769
2024-01-21 00:00:00 UTC,0.605424290419225
2024-01-22 00:00:00 UTC,0.592994910550668
2024-01-23 00:00:00 UTC,0.54221288555235
2024-01-24 00:00:00 UTC,0.539320047519849
2024-01-25 00:00:00 UTC,0.550314309453667
2024-01-26 00:00:00 UTC,0.541842485173261
2024-01-27 00:00:00 UTC,0.569107575015794
2024-01-28 00:00:00 UTC,0.60091142700136
2024-01-29 00:00:00 UTC,0.586714385590485
2024-01-30 00:00:00 UTC,0.597065946253791
2024-01-31 00:00:00 UTC,0.575653322473435
2024-02-01 00:00:00 UTC,0.556567560929748
2024-02-02 00:00:00 UTC,0.558232442439135
2024-02-03 00:00:00 UTC,0.57394797295791
2024-02-04 00:00:00 UTC,0.612039306234596
2024-02-05 00:00:00 UTC,0.583870142891802
2024-02-06 00:00:00 UTC,0.587568047905568
2024-02-07 00:00:00 UTC,0.595799818673183
2024-02-08 00:00:00 UTC,0.612301236876914
2024-02-09 00:00:00 UTC,0.610664663189934
2024-02-10 00:00:00 UTC,0.620333840031617
2024-02-11 00:00:00 UTC,0.634065654225394
2024-02-12 00:00:00 UTC,0.6109898818915
2024-02-13 00:00:00 UTC,0.626729270251985
2024-02-14 00:00:00 UTC,0.618153402377542
2024-02-15 00:00:00 UTC,0.643832828210046
2024-02-16 00:00:00 UTC,0.678565943076549
2024-02-17 00:00:00 UTC,0.663065857818176
2024-02-18 00:00:00 UTC,0.661917796683756
2024-02-19 00:00:00 UTC,0.661632866693129
2024-02-20 00:00:00 UTC,0.662178447441367
2024-02-21 00:00:00 UTC,0.634930815365651
2024-02-22 00:00:00 UTC,0.620400169497991
2024-02-23 00:00:00 UTC,0.610293420638382
2024-02-24 00:00:00 UTC,0.601643851902517
2024-02-25 00:00:00 UTC,0.614235966321613
2024-02-26 00:00:00 UTC,0.641232704003517
2024-02-27 00:00:00 UTC,0.636183289820906
2024-02-28 00:00:00 UTC,0.649558840280654
2024-02-29 00:00:00 UTC,0.652198577090429
2024-03-01 00:00:00 UTC,0.658135523153391
2024-03-02 00:00:00 UTC,0.701234211003873
2024-03-03 00:00:00 UTC,0.795625792519029
2024-03-04 00:00:00 UTC,0.766437055086907
2024-03-05 00:00:00 UTC,0.75825200832403
2024-03-06 00:00:00 UTC,1.10408224706516
2024-03-07 00:00:00 UTC,1.03333200111986
2024-03-08 00:00:00 UTC,1.06185227499332
2024-03-09 00:00:00 UTC,1.04034676594124
2024-03-10 00:00:00 UTC,1.03565501219183
2024-03-11 00:00:00 UTC,0.991688350318866
2024-03-12 00:00:00 UTC,1.03565163691298
2024-03-13 00:00:00 UTC,0.99808471760282
2024-03-14 00:00:00 UTC,0.976048037604554
2024-03-15 00:00:00 UTC,0.96116037738835
2024-03-16 00:00:00 UTC,0.887739815480232
2024-03-17 00:00:00 UTC,0.796751839181876
2024-03-18 00:00:00 UTC,0.836774089383971
2024-03-19 00:00:00 UTC,0.831931904466682
2024-03-20 00:00:00 UTC,0.746580330947051
2024-03-21 00:00:00 UTC,0.815716070400926
2024-03-22 00:00:00 UTC,0.870133418992321
2024-03-23 00:00:00 UTC,0.92241564131682
2024-03-24 00:00:00 UTC,1.01180020636843
2024-03-25 00:00:00 UTC,1.16913757146157
2024-03-26 00:00:00 UTC,1.165936227741
2024-03-27 00:00:00 UTC,1.09341993864862
2024-03-28 00:00:00 UTC,1.01656201213032
2024-03-29 00:00:00 UTC,1.05350888348166
2024-03-30 00:00:00 UTC,1.0077997964679
2024-03-31 00:00:00 UTC,1.00173229977935
2024-04-01 00:00:00 UTC,1.07298317406699
2024-04-02 00:00:00 UTC,0.996486815890061
2024-04-03 00:00:00 UTC,0.890919093631249
2024-04-04 00:00:00 UTC,0.854641206324473
2024-04-05 00:00:00 UTC,0.85957076630257
2024-04-06 00:00:00 UTC,0.812115604574811
2024-04-07 00:00:00 UTC,0.831554161877197
2024-04-08 00:00:00 UTC,0.839325776377038
2024-04-09 00:00:00 UTC,0.865569723531709
2024-04-10 00:00:00 UTC,0.810265592712303
2024-04-11 00:00:00 UTC,0.80542546811156
2024-04-12 00:00:00 UTC,0.792178612516906
2024-04-13 00:00:00 UTC,0.641622641974028
2024-04-14 00:00:00 UTC,0.545787678966157
2024-04-15 00:00:00 UTC,0.589662685918648
2024-04-16 00:00:00 UTC,0.566817444198207
2024-04-17 00:00:00 UTC,0.571355214612442
2024-04-18 00:00:00 UTC,0.559549269373125
2024-04-19 00:00:00 UTC,0.572413443649044
2024-04-20 00:00:00 UTC,0.567119396512661
2024-04-21 00:00:00 UTC,0.623995154467903
2024-04-22 00:00:00 UTC,0.609987688495155
2024-04-23 00:00:00 UTC,0.627674413652884
2024-04-24 00:00:00 UTC,0.626090386282893
2024-04-25 00:00:00 UTC,0.585570603415281
2024-04-26 00:00:00 UTC,0.593858640777821
2024-04-27 00:00:00 UTC,0.579730703782033
2024-04-28 00:00:00 UTC,0.579253768879047
2024-04-29 00:00:00 UTC,0.562910877222174
2024-04-30 00:00:00 UTC,0.555273106677526
2024-05-01 00:00:00 UTC,0.520110385856285
2024-05-02 00:00:00 UTC,0.527103303427545
2024-05-03 00:00:00 UTC,0.539399513911446
2024-05-04 00:00:00 UTC,0.556863822451839
2024-05-05 00:00:00 UTC,0.558570383541267
2024-05-06 00:00:00 UTC,0.590896833587403
2024-05-07 00:00:00 UTC,0.564015085574374
2024-05-08 00:00:00 UTC,0.547993564823137
2024-05-09 00:00:00 UTC,0.573570246774895
2024-05-10 00:00:00 UTC,0.574057018808967
2024-05-11 00:00:00 UTC,0.546546562434673
2024-05-12 00:00:00 UTC,0.554670485674499
2024-05-13 00:00:00 UTC,0.551931802777874
2024-05-14 00:00:00 UTC,0.534640023469676
2024-05-15 00:00:00 UTC,0.513115872669027
2024-05-16 00:00:00 UTC,0.540616125749034
2024-05-17 00:00:00 UTC,0.531750528794872
2024-05-18 00:00:00 UTC,0.546030010508099
2024-05-19 00:00:00 UTC,0.539924278972569
2024-05-20 00:00:00 UTC,0.519169264367248
2024-05-21 00:00:00 UTC,0.557793764353528
2024-05-22 00:00:00 UTC,0.559198203905616
2024-05-23 00:00:00 UTC,0.577644286353462
2024-05-24 00:00:00 UTC,0.551727146310067
2024-05-25 00:00:00 UTC,0.561544162440272
2024-05-26 00:00:00 UTC,0.568587022459369
2024-05-27 00:00:00 UTC,0.549929330966419
2024-05-28 00:00:00 UTC,0.564782732567746
2024-05-29 00:00:00 UTC,0.557626422317647
2024-05-30 00:00:00 UTC,0.55908563480632
2024-05-31 00:00:00 UTC,0.625768025841483
2024-06-01 00:00:00 UTC,0.614106259816479
2024-06-02 00:00:00 UTC,0.626030140994537
2024-06-03 00:00:00 UTC,0.592571996597445
2024-06-04 00:00:00 UTC,0.588537340131961
2024-06-05 00:00:00 UTC,0.595289926748001
2024-06-06 00:00:00 UTC,0.604171434698571
2024-06-07 00:00:00 UTC,0.600929600362254
2024-06-08 00:00:00 UTC,0.537090292244838
2024-06-09 00:00:00 UTC,0.516322326983238
2024-06-10 00:00:00 UTC,0.531336251944927
2024-06-11 00:00:00 UTC,0.527482784817295
2024-06-12 00:00:00 UTC,0.506188766566349
2024-06-13 00:00:00 UTC,0.520440214469173
2024-06-14 00:00:00 UTC,0.485726128431363
2024-06-15 00:00:00 UTC,0.458487210517111
2024-06-16 00:00:00 UTC,0.462599020348751
2024-06-17 00:00:00 UTC,0.484220044183386
2024-06-18 00:00:00 UTC,0.438212413324413
2024-06-19 00:00:00 UTC,0.405948331332579
2024-06-20 00:00:00 UTC,0.410886119389518
2024-06-21 00:00:00 UTC,0.40734603490863
2024-06-22 00:00:00 UTC,0.402507439518934
2024-06-23 00:00:00 UTC,0.381774792244178
2024-06-24 00:00:00 UTC,0.374674448184222
2024-06-25 00:00:00 UTC,0.395310619172845
2024-06-26 00:00:00 UTC,0.400979966145868
2024-06-27 00:00:00 UTC,0.396797389056367
2024-06-28 00:00:00 UTC,0.401643248029361
2024-06-29 00:00:00 UTC,0.390629245742747
2024-06-30 00:00:00 UTC,0.387429918627022
2024-07-01 00:00:00 UTC,0.401090511668583
2024-07-02 00:00:00 UTC,0.394515608469235
2024-07-03 00:00:00 UTC,0.393699665189931
2024-07-04 00:00:00 UTC,0.369844256781429
2024-07-05 00:00:00 UTC,0.331536996163118
2024-07-06 00:00:00 UTC,0.308751197337879
2024-07-07 00:00:00 UTC,0.341408100351531
2024-07-08 00:00:00 UTC,0.325702305387381
2024-07-09 00:00:00 UTC,0.340616405555173
2024-07-10 00:00:00 UTC,0.351501314375953
2024-07-11 00:00:00 UTC,0.351776668073176
2024-07-12 00:00:00 UTC,0.340684906764279
2024-07-13 00:00:00 UTC,0.344840251786228
2024-07-14 00:00:00 UTC,0.352241263278544
2024-07-15 00:00:00 UTC,0.357170200791473
2024-07-16 00:00:00 UTC,0.388019231721913
2024-07-17 00:00:00 UTC,0.417102910553437
2024-07-18 00:00:00 UTC,0.406708944611009
2024-07-19 00:00:00 UTC,0.395836881695275
2024-07-20 00:00:00 UTC,0.411349399856041
2024-07-21 00:00:00 UTC,0.411030486048072
2024-07-22 00:00:00 UTC,0.413086930029654
2024-07-23 00:00:00 UTC,0.39566055895005
2024-07-24 00:00:00 UTC,0.383016262631362
2024-07-25 00:00:00 UTC,0.377842976426388
2024-07-26 00:00:00 UTC,0.362441163760618
2024-07-27 00:00:00 UTC,0.383114349133913
2024-07-28 00:00:00 UTC,0.378888227425063
2024-07-29 00:00:00 UTC,0.374765024798911
2024-07-30 00:00:00 UTC,0.374432961534162
2024-07-31 00:00:00 UTC,0.365649040643281
2024-08-01 00:00:00 UTC,0.353208067259601
2024-08-02 00:00:00 UTC,0.347384381478536
2024-08-03 00:00:00 UTC,0.319247815192928
2024-08-04 00:00:00 UTC,0.303586953247378
2024-08-05 00:00:00 UTC,0.286676904196625
2024-08-06 00:00:00 UTC,0.262745406613533
2024-08-07 00:00:00 UTC,0.283642828564472
2024-08-08 00:00:00 UTC,0.278396094455165
2024-08-09 00:00:00 UTC,0.307486237467845
2024-08-10 00:00:00 UTC,0.299334978718942
2024-08-11 00:00:00 UTC,0.329620448290228
2024-08-12 00:00:00 UTC,0.295425780090743
2024-08-13 00:00:00 UTC,0.306442467075426
2024-08-14 00:00:00 UTC,0.303694504854716
2024-08-15 00:00:00 UTC,0.298561490473317
2024-08-16 00:00:00 UTC,0.286512098577851
2024-08-17 00:00:00 UTC,0.285011669569982
2024-08-18 00:00:00 UTC,0.286469668808807
2024-08-19 00:00:00 UTC,0.287340418917983
2024-08-20 00:00:00 UTC,0.293745217606735
2024-08-21 00:00:00 UTC,0.295897336837209
2024-08-22 00:00:00 UTC,0.30139495715686
2024-08-23 00:00:00 UTC,0.313833857476294
2024-08-24 00:00:00 UTC,0.329828994184278
2024-08-25 00:00:00 UTC,0.33501900683627
2024-08-26 00:00:00 UTC,0.36077689111465
2024-08-27 00:00:00 UTC,0.332064571365435
2024-08-28 00:00:00 UTC,0.322278181798771
2024-08-29 00:00:00 UTC,0.319352547196524
2024-08-30 00:00:00 UTC,0.321100431191436
2024-08-31 00:00:00 UTC,0.320260335781038
2024-09-01 00:00:00 UTC,0.313149477137546
2024-09-02 00:00:00 UTC,0.293519954355822
2024-09-03 00:00:00 UTC,0.308240948271703
2024-09-04 00:00:00 UTC,0.303507600423544
2024-09-05 00:00:00 UTC,0.308359158557543
2024-09-06 00:00:00 UTC,0.296598692323735
2024-09-07 00:00:00 UTC,0.28719981693291
2024-09-08 00:00:00 UTC,0.2930340593843
2024-09-09 00:00:00 UTC,0.300865306137147
2024-09-10 00:00:00 UTC,0.317005583435348
2024-09-11 00:00:00 UTC,0.356385884163354
2024-09-12 00:00:00 UTC,0.347837403995783
2024-09-13 00:00:00 UTC,0.362986341380305
2024-09-14 00:00:00 UTC,0.358731661158199
2024-09-15 00:00:00 UTC,0.387534730967065
2024-09-16 00:00:00 UTC,0.357237324943401
2024-09-17 00:00:00 UTC,0.336187488817357
2024-09-18 00:00:00 UTC,0.335971902329843
2024-09-19 00:00:00 UTC,0.340546050516559
2024-09-20 00:00:00 UTC,0.353576215446227
2024-09-21 00:00:00 UTC,0.351202918497161
2024-09-22 00:00:00 UTC,0.353537930011796
2024-09-23 00:00:00 UTC,0.344575592844344
2024-09-24 00:00:00 UTC,0.348024325890824
2024-09-25 00:00:00 UTC,0.350680630682056
2024-09-26 00:00:00 UTC,0.348084883065094
2024-09-27 00:00:00 UTC,0.355552466833412
2024-09-28 00:00:00 UTC,0.374384726637572
2024-09-29 00:00:00 UTC,0.370522953938711
2024-09-30 00:00:00 UTC,0.401839367402848
2024-10-01 00:00:00 UTC,0.363454498865001
2024-10-02 00:00:00 UTC,0.342122081185868
2024-10-03 00:00:00 UTC,0.330330878488604
2024-10-04 00:00:00 UTC,0.320746000739081
2024-10-05 00:00:00 UTC,0.341594332368982
2024-10-06 00:00:00 UTC,0.344808208602025
2024-10-07 00:00:00 UTC,0.346404162859499
2024-10-08 00:00:00 UTC,0.344245277259766
2024-10-09 00:00:00 UTC,0.33420034486708
2024-10-10 00:00:00 UTC,0.323251254947717
2024-10-11 00:00:00 UTC,0.321073988224234
2024-10-12 00:00:00 UTC,0.329646448849185
2024-10-13 00:00:00 UTC,0.331764616015443
2024-10-14 00:00:00 UTC,0.326782045476153
2024-10-15 00:00:00 UTC,0.344356590870427
2024-10-16 00:00:00 UTC,0.338793656561588
2024-10-17 00:00:00 UTC,0.341997511723178
2024-10-18 00:00:00 UTC,0.335035858566574
2024-10-19 00:00:00 UTC,0.340720905185799
2024-10-20 00:00:00 UTC,0.340943234792534
2024-10-21 00:00:00 UTC,0.352993898633071
2024-10-22 00:00:00 UTC,0.346197479587108
2024-10-23 00:00:00 UTC,0.353730022201729
2024-10-24 00:00:00 UTC,0.338343724722889
2024-10-25 00:00:00 UTC,0.336869304493206
2024-10-26 00:00:00 UTC,0.297627399192436
2024-10-27 00:00:00 UTC,0.309184100575139
2024-10-28 00:00:00 UTC,0.315209545049838
2024-10-29 00:00:00 UTC,0.314633527057033
2024-10-30 00:00:00 UTC,0.324112984540868
2024-10-31 00:00:00 UTC,0.321593861780397
2024-11-01 00:00:00 UTC,0.31183199742785
2024-11-02 00:00:00 UTC,0.307610922215572
2024-11-03 00:00:00 UTC,0.300980727167509
2024-11-04 00:00:00 UTC,0.282767282519619
2024-11-05 00:00:00 UTC,0.273614247952273
2024-11-06 00:00:00 UTC,0.285691380826398
2024-11-07 00:00:00 UTC,0.317954940625099
2024-11-08 00:00:00 UTC,0.318791402694302
2024-11-09 00:00:00 UTC,0.321341524092297
2024-11-10 00:00:00 UTC,0.340718717474922
2024-11-11 00:00:00 UTC,0.359813143653784
2024-11-12 00:00:00 UTC,0.373912014325826
2024-11-13 00:00:00 UTC,0.370594022588803
2024-11-14 00:00:00 UTC,0.352765216766673
2024-11-15 00:00:00 UTC,0.342899217217638
2024-11-16 00:00:00 UTC,0.353950021766103
2024-11-17 00:00:00 UTC,0.443372874907687
2024-11-18 00:00:00 UTC,0.407215284140692
2024-11-19 00:00:00 UTC,0.418986087922052
2024-11-20 00:00:00 UTC,0.394463004974463
2024-11-21 00:00:00 UTC,0.377636221556793
2024-11-22 00:00:00 UTC,0.412724300597649
2024-11-23 00:00:00 UTC,0.444926582139566
2024-11-24 00:00:00 UTC,0.495954706962635
2024-11-25 00:00:00 UTC,0.483868536351104
2024-11-26 00:00:00 UTC,0.471738588530444
2024-11-27 00:00:00 UTC,0.448917611956979
2024-11-28 00:00:00 UTC,0.470178386972733
2024-11-29 00:00:00 UTC,0.469684820559368
2024-11-30 00:00:00 UTC,0.492252620375898
2024-12-01 00:00:00 UTC,0.5654106143631
2024-12-02 00:00:00 UTC,0.546050943942346
2024-12-03 00:00:00 UTC,0.559491480135558
2024-12-04 00:00:00 UTC,0.615583660833746
2024-12-05 00:00:00 UTC,0.679161115854435
2024-12-06 00:00:00 UTC,0.709732362007864
2024-12-07 00:00:00 UTC,0.697727823737072
2024-12-08 00:00:00 UTC,0.683825959225436
2024-12-09 00:00:00 UTC,0.680705326768568
2024-12-10 00:00:00 UTC,0.527057224634886
2024-12-11 00:00:00 UTC,0.501564922326295
2024-12-12 00:00:00 UTC,0.5439736993468
2024-12-13 00:00:00 UTC,0.542426693762058
2024-12-14 00:00:00 UTC,0.541322424693579
2024-12-15 00:00:00 UTC,0.511843426020161
2024-12-16 00:00:00 UTC,0.526143572823813
2024-12-17 00:00:00 UTC,0.510170051329416
2024-12-18 00:00:00 UTC,0.481799612980244
2024-12-19 00:00:00 UTC,0.437837061335954
2024-12-20 00:00:00 UTC,0.401327615385136
2024-12-21 00:00:00 UTC,0.41849224171706
2024-12-22 00:00:00 UTC,0.390370909314848
2024-12-23 00:00:00 UTC,0.386609851521275
2024-12-24 00:00:00 UTC,0.420672624636473
2024-12-25 00:00:00 UTC,0.434232908508825
2024-12-26 00:00:00 UTC,0.422827518404821
2024-12-27 00:00:00 UTC,0.402747109780952
2024-12-28 00:00:00 UTC,0.419837943687889
2024-12-29 00:00:00 UTC,0.428381692110736
2024-12-30 00:00:00 UTC,0.408257914653801
2024-12-31 00:00:00 UTC,0.405711301331792
2025-01-01 00:00:00 UTC,0.399696999935962
2025-01-02 00:00:00 UTC,0.414105841699234
2025-01-03 00:00:00 UTC,0.440266684312889
2025-01-04 00:00:00 UTC,0.453650381751684
2025-01-05 00:00:00 UTC,0.452632418011989
2025-01-06 00:00:00 UTC,0.499078328834574
2025-01-07 00:00:00 UTC,0.477462212664522
2025-01-08 00:00:00 UTC,0.440412807891831
2025-01-09 00:00:00 UTC,0.412477911925813
2025-01-10 00:00:00 UTC,0.397687993194033
2025-01-11 00:00:00 UTC,0.409603932123265
2025-01-12 00:00:00 UTC,0.40516413636271
2025-01-13 00:00:00 UTC,0.397976877288643
2025-01-14 00:00:00 UTC,0.380985434519327
2025-01-15 00:00:00 UTC,0.392765540109243
2025-01-16 00:00:00 UTC,0.418945082917693
2025-01-17 00:00:00 UTC,0.402859645905907
2025-01-18 00:00:00 UTC,0.428948358759658
2025-01-19 00:00:00 UTC,0.39331143591461
2025-01-20 00:00:00 UTC,0.340756656817667
2025-01-21 00:00:00 UTC,0.331619269187806
2025-01-22 00:00:00 UTC,0.34402970632597
2025-01-23 00:00:00 UTC,0.33419219653013
2025-01-24 00:00:00 UTC,0.332174594408518
2025-01-25 00:00:00 UTC,0.321372600961335
2025-01-26 00:00:00 UTC,0.326106755757408
2025-01-27 00:00:00 UTC,0.317840697933724
2025-01-28 00:00:00 UTC,0.309309646451356
2025-01-29 00:00:00 UTC,0.288960815255659
2025-01-30 00:00:00 UTC,0.298696996483192
2025-01-31 00:00:00 UTC,0.312078908843391
2025-02-01 00:00:00 UTC,0.315283105191303
2025-02-02 00:00:00 UTC,0.284782451373759
2025-02-03 00:00:00 UTC,0.25299626383461
2025-02-04 00:00:00 UTC,0.250311699582082
2025-02-05 00:00:00 UTC,0.233216207661655
2025-02-06 00:00:00 UTC,0.241215522672636
2025-02-07 00:00:00 UTC,0.227129565113208
2025-02-08 00:00:00 UTC,0.233711586903545
2025-02-09 00:00:00 UTC,0.247497489628587
2025-02-10 00:00:00 UTC,0.244952370674381
2025-02-11 00:00:00 UTC,0.256731120458392
2025-02-12 00:00:00 UTC,0.254095410788121
2025-02-13 00:00:00 UTC,0.267116475077753
2025-02-14 00:00:00 UTC,0.252960400037676
2025-02-15 00:00:00 UTC,0.257014637902285
2025-02-16 00:00:00 UTC,0.25278950174425
2025-02-17 00:00:00 UTC,0.25247311801596
2025-02-18 00:00:00 UTC,0.251828547296028
2025-02-19 00:00:00 UTC,0.235894912649849
2025-02-20 00:00:00 UTC,0.242867421778187
2025-02-21 00:00:00 UTC,0.245578559400518
2025-02-22 00:00:00 UTC,0.236557050870774
2025-02-23 00:00:00 UTC,0.245421210870697
2025-02-24 00:00:00 UTC,0.240439414942509
2025-02-25 00:00:00 UTC,0.208172874023423
2025-02-26 00:00:00 UTC,0.215002017345318
2025-02-27 00:00:00 UTC,0.217677411395755
2025-02-28 00:00:00 UTC,0.220619146186195
2025-03-01 00:00:00 UTC,0.221258336402421
2025-03-02 00:00:00 UTC,0.217372054476808
2025-03-03 00:00:00 UTC,0.237551355739538
2025-03-04 00:00:00 UTC,0.202331021020191
2025-03-05 00:00:00 UTC,0.195715920085837
2025-03-06 00:00:00 UTC,0.199240519720961
2025-03-07 00:00:00 UTC,0.191999506384052
2025-03-08 00:00:00 UTC,0.189879190072721
2025-03-09 00:00:00 UTC,0.183787601029592
2025-03-10 00:00:00 UTC,0.165757150562636
2025-03-11 00:00:00 UTC,0.160380523092188
2025-03-12 00:00:00 UTC,0.167077570885877
2025-03-13 00:00:00 UTC,0.177450884978483
2025-03-14 00:00:00 UTC,0.175479086196862
2025-03-15 00:00:00 UTC,0.183039332393128
2025-03-16 00:00:00 UTC,0.198080848619712
2025-03-17 00:00:00 UTC,0.19126012795177
2025-03-18 00:00:00 UTC,0.213376279231982
2025-03-19 00:00:00 UTC,0.189955991608682
2025-03-20 00:00:00 UTC,0.193545583039399
2025-03-21 00:00:00 UTC,0.188278168909351
2025-03-22 00:00:00 UTC,0.186553428194083
2025-03-23 00:00:00 UTC,0.188237929916682
2025-03-24 00:00:00 UTC,0.192850093230451
2025-03-25 00:00:00 UTC,0.198761731441148
2025-03-26 00:00:00 UTC,0.199807097282341
2025-03-27 00:00:00 UTC,0.19861817901282
2025-03-28 00:00:00 UTC,0.194902666309442
2025-03-29 00:00:00 UTC,0.176397642805386
2025-03-30 00:00:00 UTC,0.171407386082524
2025-03-31 00:00:00 UTC,0.173158898272451
2025-04-01 00:00:00 UTC,0.171036357945202
2025-04-02 00:00:00 UTC,0.172973278530081
2025-04-03 00:00:00 UTC,0.160567863938299
2025-04-04 00:00:00 UTC,0.153249096138351
2025-04-05 00:00:00 UTC,0.154698388711688
2025-04-06 00:00:00 UTC,0.152387506893502
2025-04-07 00:00:00 UTC,0.137574164628188
2025-04-08 00:00:00 UTC,0.139219370790353
2025-04-09 00:00:00 UTC,0.131121026133223
2025-04-10 00:00:00 UTC,0.146272682820288
2025-04-11 00:00:00 UTC,0.139559555886151
2025-04-12 00:00:00 UTC,0.143300031288173
2025-04-13 00:00:00 UTC,0.147366548061852
2025-04-14 00:00:00 UTC,0.138377165901368
2025-04-15 00:00:00 UTC,0.139894420731769
2025-04-16 00:00:00 UTC,0.136927364935908
2025-04-17 00:00:00 UTC,0.134860693194137
2025-04-18 00:00:00 UTC,0.136157639393995
2025-04-19 00:00:00 UTC,0.141632852182921
2025-04-20 00:00:00 UTC,0.147404804242805
2025-04-21 00:00:00 UTC,0.147398478852132
2025-04-22 00:00:00 UTC,0.144299730358215
2025-04-23 00:00:00 UTC,0.153812552541081
2025-04-24 00:00:00 UTC,0.16298766977771
2025-04-25 00:00:00 UTC,0.163597359565116
2025-04-26 00:00:00 UTC,0.16475475596425
2025-04-27 00:00:00 UTC,0.170760852009331
2025-04-28 00:00:00 UTC,0.160918258265066
2025-04-29 00:00:00 UTC,0.1632167715001
2025-04-30 00:00:00 UTC,0.160045479206817
2025-05-01 00:00:00 UTC,0.160916177148627
2025-05-02 00:00:00 UTC,0.162888415273098
2025-05-03 00:00:00 UTC,0.164164107181232
2025-05-04 00:00:00 UTC,0.152327466025052
2025-05-05 00:00:00 UTC,0.150650045458996
2025-05-06 00:00:00 UTC,0.147919058015091
2025-05-07 00:00:00 UTC,0.144723359709643
2025-05-08 00:00:00 UTC,0.147083926938419
2025-05-09 00:00:00 UTC,0.16787237587543
2025-05-10 00:00:00 UTC,0.178552253556403
2025-05-11 00:00:00 UTC,0.200431904491861
2025-05-12 00:00:00 UTC,0.193851270943732
2025-05-13 00:00:00 UTC,0.192347172164681
2025-05-14 00:00:00 UTC,0.197758422821471
2025-05-15 00:00:00 UTC,0.190959224311809
2025-05-16 00:00:00 UTC,0.175513524865755
2025-05-17 00:00:00 UTC,0.173918505612219
2025-05-18 00:00:00 UTC,0.16802259425589
2025-05-19 00:00:00 UTC,0.176685927401732
2025-05-20 00:00:00 UTC,0.170723254076383
2025-05-21 00:00:00 UTC,0.170445765831152
2025-05-22 00:00:00 UTC,0.173464246867392
2025-05-23 00:00:00 UTC,0.182725572143122
2025-05-24 00:00:00 UTC,0.166660768785765
2025-05-25 00:00:00 UTC,0.166371751394363
2025-05-26 00:00:00 UTC,0.167015249451001
2025-05-27 00:00:00 UTC,0.166211045242134
2025-05-28 00:00:00 UTC,0.170490507780392
2025-05-29 00:00:00 UTC,0.172321142737627
2025-05-30 00:00:00 UTC,0.164069074764927
2025-05-31 00:00:00 UTC,0.146295036594671
2025-06-01 00:00:00 UTC,0.150733026665487
2025-06-02 00:00:00 UTC,0.151759032031647
2025-06-03 00:00:00 UTC,0.154509743743077
2025-06-04 00:00:00 UTC,0.153482695155058
2025-06-05 00:00:00 UTC,0.149916164755878
2025-06-06 00:00:00 UTC,0.140445984972602
2025-06-07 00:00:00 UTC,0.142770896724706
2025-06-08 00:00:00 UTC,0.145885429539944
2025-06-09 00:00:00 UTC,0.146136705003955
2025-06-10 00:00:00 UTC,0.155675571008527
2025-06-11 00:00:00 UTC,0.158165643163652
2025-06-12 00:00:00 UTC,0.152860720235503
2025-06-13 00:00:00 UTC,0.142292742729815
2025-06-14 00:00:00 UTC,0.140504457344797
2025-06-15 00:00:00 UTC,0.140330729487132
2025-06-16 00:00:00 UTC,0.14087579395157
2025-06-17 00:00:00 UTC,0.140563905831632
2025-06-18 00:00:00 UTC,0.138790051547124
2025-06-19 00:00:00 UTC,0.137601727790262
2025-06-20 00:00:00 UTC,0.135913868701174
2025-06-21 00:00:00 UTC,0.129520209304156
2025-06-22 00:00:00 UTC,0.121948208183464
2025-06-23 00:00:00 UTC,0.116492736150537
2025-06-24 00:00:00 UTC,0.126133308869179
2025-06-25 00:00:00 UTC,0.128250792670559
2025-06-26 00:00:00 UTC,0.125354989726083
2025-06-27 00:00:00 UTC,0.122929586264845
2025-06-28 00:00:00 UTC,0.123762280171215
2025-06-29 00:00:00 UTC,0.126314635129122
2025-06-30 00:00:00 UTC,0.130999756007426
2025-07-01 00:00:00 UTC,0.125219068118427
2025-07-02 00:00:00 UTC,0.119163307115571
2025-07-03 00:00:00 UTC,0.128669434528676
2025-07-04 00:00:00 UTC,0.130566714150807
2025-07-05 00:00:00 UTC,0.124517879109283
2025-07-06 00:00:00 UTC,0.127284752862605
2025-07-07 00:00:00 UTC,0.129566196398404
2025-07-08 00:00:00 UTC,0.12643275665019
2025-07-09 00:00:00 UTC,0.129012649677897
2025-07-10 00:00:00 UTC,0.133816504306529
2025-07-11 00:00:00 UTC,0.142413652548046
2025-07-12 00:00:00 UTC,0.144388222910283
2025-07-13 00:00:00 UTC,0.143761537405074
2025-07-14 00:00:00 UTC,0.145929713736376
2025-07-15 00:00:00 UTC,0.14546623133413
2025-07-16 00:00:00 UTC,0.148837543493492
2025-07-17 00:00:00 UTC,0.151040855090788
2025-07-18 00:00:00 UTC,0.151391158586313
2025-07-19 00:00:00 UTC,0.153646160777094
2025-07-20 00:00:00 UTC,0.154250217616887
2025-07-21 00:00:00 UTC,0.158219249572523
2025-07-22 00:00:00 UTC,0.163238093281713
2025-07-23 00:00:00 UTC,0.160029482021851
2025-07-24 00:00:00 UTC,0.144888918443496
2025-07-25 00:00:00 UTC,0.141884332221779
2025-07-26 00:00:00 UTC,0.145578387424455
2025-07-27 00:00:00 UTC,0.14662772235542
2025-07-28 00:00:00 UTC,0.150021776976844
2025-07-29 00:00:00 UTC,0.142362042715746
2025-07-30 00:00:00 UTC,0.141287258156639
2025-07-31 00:00:00 UTC,0.141000257898824
2025-08-01 00:00:00 UTC,0.135291620680593
2025-08-02 00:00:00 UTC,0.130620914654253
2025-08-03 00:00:00 UTC,0.127921464896195
2025-08-04 00:00:00 UTC,0.132360418093146
2025-08-05 00:00:00 UTC,0.135933293477088
2025-08-06 00:00:00 UTC,0.13001833354542
2025-08-07 00:00:00 UTC,0.132894966131091
2025-08-08 00:00:00 UTC,0.137915721727662
2025-08-09 00:00:00 UTC,0.140201353319017
2025-08-10 00:00:00 UTC,0.143763905845413
2025-08-11 00:00:00 UTC,0.141368278313884
2025-08-12 00:00:00 UTC,0.137087242879198
2025-08-13 00:00:00 UTC,0.14129243747084
2025-08-14 00:00:00 UTC,0.143985350929259
2025-08-15 00:00:00 UTC,0.13165059856922
2025-08-16 00:00:00 UTC,0.131502865915985
2025-08-17 00:00:00 UTC,0.137425692787852
2025-08-18 00:00:00 UTC,0.135439400391489
2025-08-19 00:00:00 UTC,0.131652497328041
2025-08-20 00:00:00 UTC,0.128300341800431
2025-08-21 00:00:00 UTC,0.133619814879577
2025-08-22 00:00:00 UTC,0.130862498405784
2025-08-23 00:00:00 UTC,0.139343720481458
2025-08-24 00:00:00 UTC,0.139160579494525
2025-08-25 00:00:00 UTC,0.134918770454633
2025-08-26 00:00:00 UTC,0.124161841140141
2025-08-27 00:00:00 UTC,0.128672301819572
2025-08-28 00:00:00 UTC,0.1279391047145
2025-08-29 00:00:00 UTC,0.131218263844628
2025-08-30 00:00:00 UTC,0.12527979947625
2025-08-31 00:00:00 UTC,0.126765464407473
2025-09-01 00:00:00 UTC,0.125928515153991
2025-09-02 00:00:00 UTC,0.122299231975318
2025-09-03 00:00:00 UTC,0.126792218555439
2025-09-04 00:00:00 UTC,0.127056669863364
2025-09-05 00:00:00 UTC,0.123760856934309
2025-09-06 00:00:00 UTC,0.125452473224663
2025-09-07 00:00:00 UTC,0.125465030310911
2025-09-08 00:00:00 UTC,0.126708472752344
2025-09-09 00:00:00 UTC,0.128128990906738
2025-09-10 00:00:00 UTC,0.131175628004722
2025-09-11 00:00:00 UTC,0.130911634969178
2025-09-12 00:00:00 UTC,0.131418447875598
2025-09-13 00:00:00 UTC,0.133693412670343
2025-09-14 00:00:00 UTC,0.135709484101549
2025-09-15 00:00:00 UTC,0.130228721685927
2025-09-16 00:00:00 UTC,0.126213114842514
2025-09-17 00:00:00 UTC,0.126376493416205
2025-09-18 00:00:00 UTC,0.128850649033432
2025-09-19 00:00:00 UTC,0.138048999451003
2025-09-20 00:00:00 UTC,0.131322794389698
2025-09-21 00:00:00 UTC,0.132562023105744
2025-09-22 00:00:00 UTC,0.13204576114662
2025-09-23 00:00:00 UTC,0.118311640027669
2025-09-24 00:00:00 UTC,0.1187321090858
2025-09-25 00:00:00 UTC,0.119902962664823
2025-09-26 00:00:00 UTC,0.113007652126333
2025-09-27 00:00:00 UTC,0.118612717698489
2025-09-28 00:00:00 UTC,0.11913247305421
2025-09-29 00:00:00 UTC,0.120716839939283
2025-09-30 00:00:00 UTC,0.11887071141932
2025-10-01 00:00:00 UTC,0.117021469001121
2025-10-02 00:00:00 UTC,0.120959895344583
2025-10-03 00:00:00 UTC,0.123605459091179
2025-10-04 00:00:00 UTC,0.123477390755572
2025-10-05 00:00:00 UTC,0.120322161430425
2025-10-06 00:00:00 UTC,0.118340955207572
2025-10-07 00:00:00 UTC,0.120940069324615
2025-10-08 00:00:00 UTC,0.115079003342982
2025-10-09 00:00:00 UTC,0.118609417049101
2025-10-10 00:00:00 UTC,0.116694781028098
2025-10-11 00:00:00 UTC,0.0788630511286621
2025-10-12 00:00:00 UTC,0.0770862926495224
2025-10-13 00:00:00 UTC,0.0869155031540514
2025-10-14 00:00:00 UTC,0.0923415063133402
2025-10-15 00:00:00 UTC,0.0879529534119662
2025-10-16 00:00:00 UTC,0.0857129474475923
2025-10-17 00:00:00 UTC,0.0837259226334451
2025-10-18 00:00:00 UTC,0.0840997747902722
2025-10-19 00:00:00 UTC,0.0841859224020271
2025-10-20 00:00:00 UTC,0.0848438311698258
2025-10-21 00:00:00 UTC,0.0847230037765372
2025-10-22 00:00:00 UTC,0.085319225573081
2025-10-23 00:00:00 UTC,0.0840337608538227
2025-10-24 00:00:00 UTC,0.0854467696595539
2025-10-25 00:00:00 UTC,0.086570339883175
2025-10-26 00:00:00 UTC,0.086423939156634
2025-10-27 00:00:00 UTC,0.0877012122031775
2025-10-28 00:00:00 UTC,0.084486063899163
2025-10-29 00:00:00 UTC,0.0829159887997978
2025-10-30 00:00:00 UTC,0.0831755996984203
2025-10-31 00:00:00 UTC,0.0794092325207811
2025-11-01 00:00:00 UTC,0.0806824741312561
2025-11-02 00:00:00 UTC,0.081356665325705
2025-11-03 00:00:00 UTC,0.0810284741147274
2025-11-04 00:00:00 UTC,0.0708765216813127
2025-11-05 00:00:00 UTC,0.06944409250306
2025-11-06 00:00:00 UTC,0.0709099051287578
2025-11-07 00:00:00 UTC,0.0698883933850358
2025-11-08 00:00:00 UTC,0.0786991488221125
2025-11-09 00:00:00 UTC,0.0779478723348004
2025-11-10 00:00:00 UTC,0.0781592677143859
2025-11-11 00:00:00 UTC,0.0794330130037248
2025-11-12 00:00:00 UTC,0.0743334273448556
2025-11-13 00:00:00 UTC,0.0735585909708243
2025-11-14 00:00:00 UTC,0.0701791895875888
2025-11-15 00:00:00 UTC,0.0682122830384238
2025-11-16 00:00:00 UTC,0.0696571208110993
2025-11-17 00:00:00 UTC,0.0672792085778581
2025-11-18 00:00:00 UTC,0.0660201862822005
2025-11-19 00:00:00 UTC,0.0673500446900907
2025-11-20 00:00:00 UTC,0.0646725117375486
2025-11-21 00:00:00 UTC,0.0628877232690187
2025-11-22 00:00:00 UTC,0.0621288559810173
2025-11-23 00:00:00 UTC,0.0622684295350295
2025-11-24 00:00:00 UTC,0.0629058736776314
2025-11-25 00:00:00 UTC,0.0638299372984631
2025-11-26 00:00:00 UTC,0.0633472353449857
2025-11-27 00:00:00 UTC,0.0642011665161262
2025-11-28 00:00:00 UTC,0.0645117258688713
2025-11-29 00:00:00 UTC,0.0637610455006297
2025-11-30 00:00:00 UTC,0.0627820128432712
2025-12-01 00:00:00 UTC,0.0624315040050377
2025-12-02 00:00:00 UTC,0.0585683577903012
2025-12-03 00:00:00 UTC,0.0611100829415898
2025-12-04 00:00:00 UTC,0.0624412065900537
2025-12-05 00:00:00 UTC,0.0636910477439295
2025-12-06 00:00:00 UTC,0.0869379492494473
2025-12-07 00:00:00 UTC,0.115581375859947
2025-12-08 00:00:00 UTC,0.0866174528751598
2025-12-09 00:00:00 UTC,0.111875083403106
2025-12-10 00:00:00 UTC,0.135489041402979
2025-12-11 00:00:00 UTC,0.168882425897387
2025-12-12 00:00:00 UTC,0.151277352629317
2025-12-13 00:00:00 UTC,0.155515858857519
2025-12-14 00:00:00 UTC,0.145539384584012
2025-12-15 00:00:00 UTC,0.135187635943631
2025-12-16 00:00:00 UTC,0.115675257814083
2025-12-17 00:00:00 UTC,0.110536375521733
2025-12-18 00:00:00 UTC,0.099364520438737
2025-12-19 00:00:00 UTC,0.091435648802098
2025-12-20 00:00:00 UTC,0.0952997933397803
2025-12-21 00:00:00 UTC,0.0910764385686417
2025-12-22 00:00:00 UTC,0.0997203171020065
2025-12-23 00:00:00 UTC,0.0959480601546156
2025-12-24 00:00:00 UTC,0.0909295765828101
2025-12-25 00:00:00 UTC,0.0895612033778995
2025-12-26 00:00:00 UTC,0.089055384377562
2025-12-27 00:00:00 UTC,0.0875179059399524
2025-12-28 00:00:00 UTC,0.0880682509827507
2025-12-29 00:00:00 UTC,0.0841990322549434
2025-12-30 00:00:00 UTC,0.0796389238413555
2025-12-31 00:00:00 UTC,0.0789633408302676
2026-01-01 00:00:00 UTC,0.0811792030220549
2026-01-02 00:00:00 UTC,0.0803605202817821
2026-01-03 00:00:00 UTC,0.0814292478072536
2026-01-04 00:00:00 UTC,0.0821161708798863
2026-01-05 00:00:00 UTC,0.0824208786894965
2026-01-06 00:00:00 UTC,0.0821640151302963
2026-01-07 00:00:00 UTC,0.0821818330833448
2026-01-08 00:00:00 UTC,0.078213389485069
2026-01-09 00:00:00 UTC,0.0780443760383152
2026-01-10 00:00:00 UTC,0.0782983474031727
2026-01-11 00:00:00 UTC,0.0779736000360953
2026-01-12 00:00:00 UTC,0.0755856978297129
2026-01-13 00:00:00 UTC,0.0746334201401198
2026-01-14 00:00:00 UTC,0.0780068133945967
2026-01-15 00:00:00 UTC,0.0780182304816263
2026-01-16 00:00:00 UTC,0.0754548574502005
2026-01-17 00:00:00 UTC,0.0777556475152643
2026-01-18 00:00:00 UTC,0.0767881538501115
2026-01-19 00:00:00 UTC,0.0728678435991728
2026-01-20 00:00:00 UTC,0.0696278022306364
2026-01-21 00:00:00 UTC,0.066828748542106
2026-01-22 00:00:00 UTC,0.0690008382238737
2026-01-23 00:00:00 UTC,0.0673863654688297
2026-01-24 00:00:00 UTC,0.0668643997547703
2026-01-25 00:00:00 UTC,0.0682047308072781
2026-01-26 00:00:00 UTC,0.0634277864640215
2026-01-27 00:00:00 UTC,0.0666704658863211
2026-01-28 00:00:00 UTC,0.0656910243916661
2026-01-29 00:00:00 UTC,0.0656653466015721
2026-01-30 00:00:00 UTC,0.0618404543091811
2026-01-31 00:00:00 UTC,0.0645893796680032
2026-02-01 00:00:00 UTC,0.05591066204432
2026-02-02 00:00:00 UTC,0.0559269252264313
2026-02-03 00:00:00 UTC,0.0574773752420696
2026-02-04 00:00:00 UTC,0.0557266352661175
2026-02-05 00:00:00 UTC,0.0557870030649543
2026-02-06 00:00:00 UTC,0.0494105341501914
2026-02-07 00:00:00 UTC,0.0542009112386544
2026-02-08 00:00:00 UTC,0.0541466933990692
2026-02-09 00:00:00 UTC,0.0529727731844609
2026-02-10 00:00:00 UTC,0.0520469038530279
2026-02-11 00:00:00 UTC,0.0510989608337848
2026-02-12 00:00:00 UTC,0.0507074887089728
2026-02-13 00:00:00 UTC,0.0504415670226477
2026-02-14 00:00:00 UTC,0.052939730602978
2026-02-15 00:00:00 UTC,0.0545316347414631
2026-02-16 00:00:00 UTC,0.0574712304089462
2026-02-17 00:00:00 UTC,0.056506705307065
2026-02-18 00:00:00 UTC,0.0547130721847137
2026-02-19 00:00:00 UTC,0.0580599724042312
2026-02-20 00:00:00 UTC,0.055774957063429
2026-02-21 00:00:00 UTC,0.0551830871285677
2026-02-22 00:00:00 UTC,0.0543321085346267
2026-02-23 00:00:00 UTC,0.0520214226403257
2026-02-24 00:00:00 UTC,0.0504115432629953
2026-02-25 00:00:00 UTC,0.0514473686364615
2026-02-26 00:00:00 UTC,0.0535392840911575
2026-02-27 00:00:00 UTC,0.0540164261140011
2026-02-28 00:00:00 UTC,0.0578401660878985
2026-03-01 00:00:00 UTC,0.0560128655526044
2026-03-02 00:00:00 UTC,0.0531027554506055
2026-03-03 00:00:00 UTC,0.0536312468119314
2026-03-04 00:00:00 UTC,0.0544587774456852
2026-03-05 00:00:00 UTC,0.0562090553942077
2026-03-06 00:00:00 UTC,0.0553793904307059
2026-03-07 00:00:00 UTC,0.0541997320841603
2026-03-08 00:00:00 UTC,0.0517500737185309
2026-03-09 00:00:00 UTC,0.0547034298515741
2026-03-10 00:00:00 UTC,0.053591569592012
2026-03-11 00:00:00 UTC,0.0540608150441424
2026-03-12 00:00:00 UTC,0.0547086726496104
2026-03-13 00:00:00 UTC,0.0551720513640831
2026-03-14 00:00:00 UTC,0.0556381641178313
2026-03-15 00:00:00 UTC,0.0543288828314881
2026-03-16 00:00:00 UTC,0.0545625725128016
2026-03-17 00:00:00 UTC,0.056422945676297
2026-03-18 00:00:00 UTC,0.0553187823011604
2026-03-19 00:00:00 UTC,0.0540758493686328
